{"14": {"date_order": "07-05-2023", "name": "עכשיו 14", "phone": "", "date_delivery": "30-05-2023", "remarks": "\n", "price": "120", "status": 0, "method": "", "products": [{"name": "מוצר ד", "cost": 22, "price": 122, "amount": 1}]}, "11": {"date_order": "17-05-2023", "name": "ניסיון של שם ערוך", "phone": "0512345678", "date_delivery": "24-05-2023", "remarks": "\n\n\n\n\n\n\n", "price": "500", "status": 0, "method": "", "products": [{"name": "מוצר חדש", "cost": 31, "price": 46, "amount": 1}, {"name": "מוצר ג", "cost": 33, "price": 90, "amount": 2}, {"name": "וצר א", "cost": 11, "price": 111, "amount": 3}]}, "9": {"date_order": "17-05-2023", "name": "שחר יוסט", "phone": "", "date_delivery": "18-05-2023", "remarks": "\n\n\n", "price": "90", "status": 0, "method": "", "products": [{"name": "מוצר ג", "cost": 33, "price": 90, "amount": 1}]}, "10": {"date_order": "01-05-2023", "name": "שש", "phone": "", "date_delivery": "17-05-2023", "remarks": "\n\n\n\n", "price": "47", "status": 1, "method": "ביט", "products": [{"name": "מוצר חדש", "cost": 31, "price": 46, "amount": 1}]}, "12": {"date_order": "07-05-2023", "name": "השם", "phone": "0501234655", "date_delivery": "10-05-2023", "remarks": "\n", "price": "344", "status": 0, "method": "", "products": [{"name": "וצר א", "cost": 11, "price": 111, "amount": 2}, {"name": "מוצר ד", "cost": 22, "price": 122, "amount": 1}]}, "13": {"date_order": "07-05-2023", "name": "עוד ניסיון", "phone": "", "date_delivery": "08-05-2023", "remarks": "\n", "price": "90", "status": 0, "method": "", "products": [{"name": "מוצר ג", "cost": 33, "price": 90, "amount": 1}]}, "15": {"date_order": "07-05-2023", "name": "זה חמש עשרה", "phone": "", "date_delivery": "08-05-2023", "remarks": "\n", "price": "90", "status": 0, "method": "", "products": [{"name": "מוצר ג", "cost": 33, "price": 90, "amount": 1}]}, "16": {"date_order": "07-05-2023", "name": "aaaa", "phone": "", "date_delivery": "08-05-2023", "remarks": "\n", "price": "90", "status": 0, "method": "", "products": [{"name": "מוצר ג", "cost": 33, "price": 90, "amount": 1}]}, "17": {"date_order": "07-05-2023", "name": "ssss", "phone": "", "date_delivery": "08-05-2023", "remarks": "\n", "price": "91", "status": 0, "method": "", "products": [{"name": "מוצר ג", "cost": 33, "price": 90, "amount": 1}]}, "18": {"date_order": "07-05-2023", "name": "aaaa3", "phone": "", "date_delivery": "08-05-2023", "remarks": "\n", "price": "135", "status": 0, "method": "", "products": [{"name": "וצר א", "cost": 11, "price": 111, "amount": 1}, {"name": "מוצר בב", "cost": 22, "price": 23, "amount": 1}]}, "19": {"date_order": "07-05-2023", "name": "קקקק", "phone": "", "date_delivery": "08-05-2023", "remarks": "\n", "price": "123", "status": 0, "method": "", "products": [{"name": "מוצר ד", "cost": 22, "price": 122, "amount": 1}]}, "20": {"date_order": "07-05-2023", "name": "עא", "phone": "", "date_delivery": "08-05-2023", "remarks": "\n", "price": "120", "status": 0, "method": "", "products": [{"name": "מוצר ד", "cost": 22, "price": 122, "amount": 1}]}, "21": {"date_order": "07-05-2023", "name": "dds", "phone": "", "date_delivery": "08-05-2023", "remarks": "\n", "price": "122", "status": 0, "method": "", "products": [{"name": "מוצר ד", "cost": 22, "price": 122, "amount": 1}]}, "22": {"date_order": "07-05-2023", "name": "gt", "phone": "", "date_delivery": "08-05-2023", "remarks": "\n", "price": "100", "status": 0, "method": "", "products": [{"name": "וצר א", "cost": 11, "price": 111, "amount": 1}]}, "25": {"date_order": "07-05-2023", "name": "d", "phone": "", "date_delivery": "08-05-2023", "remarks": "\n", "price": "111", "status": 0, "method": "", "products": [{"name": "וצר א", "cost": 11, "price": 111, "amount": 1}]}, "26": {"date_order": "07-05-2023", "name": "a", "phone": "", "date_delivery": "08-05-2023", "remarks": "\n", "price": "23", "status": 0, "method": "", "products": [{"name": "מוצר בב", "cost": 22, "price": 23, "amount": 1}]}, "27": {"date_order": "07-05-2023", "name": "cds", "phone": "", "date_delivery": "08-05-2023", "remarks": "\n", "price": "90", "status": 0, "method": "", "products": [{"name": "מוצר ג", "cost": 33, "price": 90, "amount": 1}]}, "28": {"date_order": "07-05-2023", "name": "p", "phone": "", "date_delivery": "08-05-2023", "remarks": "\n", "price": "25", "status": 0, "method": "", "products": [{"name": "מוצר בב", "cost": 22, "price": 23, "amount": 1}]}, "31": {"date_order": "07-05-2023", "name": "fvdse", "phone": "", "date_delivery": "08-05-2023", "remarks": "\n", "price": "100", "status": 0, "method": "", "products": [{"name": "מוצר ג", "cost": 33, "price": 90, "amount": 1}]}, "32": {"date_order": "07-05-2023", "name": "aaa", "phone": "", "date_delivery": "08-05-2023", "remarks": "\n", "price": "024", "status": 0, "method": "", "products": [{"name": "מוצר בב", "cost": 22, "price": 23, "amount": 1}]}, "33": {"date_order": "07-05-2023", "name": "dfb", "phone": "", "date_delivery": "08-05-2023", "remarks": "\n", "price": "300", "status": 0, "method": "", "products": [{"name": "מוצר ד", "cost": 22, "price": 122, "amount": 1}]}, "34": {"date_order": "07-05-2023", "name": "dfghb", "phone": "", "date_delivery": "08-05-2023", "remarks": "\n", "price": "55", "status": 0, "method": "", "products": [{"name": "מוצר ג", "cost": 33, "price": 90, "amount": 1}]}, "35": {"date_order": "07-05-2023", "name": "aaaa", "phone": "", "date_delivery": "08-05-2023", "remarks": "\n", "price": "122", "status": 0, "method": "", "products": [{"name": "מוצר ד", "cost": 22, "price": 122, "amount": 1}]}, "36": {"date_order": "07-05-2023", "name": "dfb", "phone": "", "date_delivery": "08-05-2023", "remarks": "\n", "price": "200", "status": 0, "method": "", "products": [{"name": "מוצר ד", "cost": 22, "price": 122, "amount": 1}]}, "37": {"date_order": "07-05-2023", "name": "hkj", "phone": "", "date_delivery": "08-05-2023", "remarks": "\n", "price": "122", "status": 0, "method": "", "products": [{"name": "מוצר ד", "cost": 22, "price": 122, "amount": 1}]}, "38": {"date_order": "07-05-2023", "name": "gy", "phone": "", "date_delivery": "08-05-2023", "remarks": "\n", "price": "500", "status": 0, "method": "", "products": [{"name": "מוצר חדש", "cost": 31, "price": 46, "amount": 1}]}, "39": {"date_order": "07-05-2023", "name": "sdxvd", "phone": "", "date_delivery": "08-05-2023", "remarks": "\n", "price": "90", "status": 0, "method": "", "products": [{"name": "מוצר ג", "cost": 33, "price": 90, "amount": 1}]}, "40": {"date_order": "07-05-2023", "name": "esfv", "phone": "", "date_delivery": "08-05-2023", "remarks": "\n", "price": "1605", "status": 0, "method": "", "products": [{"name": "מוצר ד", "cost": 22, "price": 122, "amount": 1}, {"name": "מוצר חדש", "cost": 31, "price": 46, "amount": 1}]}, "41": {"date_order": "07-05-2023", "name": "41", "phone": "", "date_delivery": "08-05-2023", "remarks": "\n", "price": "249", "status": 0, "method": "", "products": [{"name": "מוצר חדש", "cost": 31, "price": 46, "amount": 1}, {"name": "מוצר בב", "cost": 22, "price": 23, "amount": 1}, {"name": "מוצר ג", "cost": 33, "price": 90, "amount": 2}]}, "42": {"date_order": "07-05-2023", "name": "dfvgd", "phone": "", "date_delivery": "08-05-2023", "remarks": "\n", "price": "140", "status": 0, "method": "", "products": [{"name": "מוצר ד", "cost": 22, "price": 122, "amount": 1}]}, "43": {"date_order": "07-05-2023", "name": "שםשם", "phone": "0546651142", "date_delivery": "08-05-2023", "remarks": "בקגכבגקכ\n\n\n", "price": "185", "status": 0, "method": "", "products": [{"name": "מוצר ד", "cost": 22, "price": 122, "amount": 1}, {"name": "עוד מוצר כלשהו", "cost": 40, "price": 60, "amount": 1}, {"name": "עוד מוצר כלשהו_44", "cost": 40, "price": 60, "amount": 1}]}, "44": {"date_order": "07-05-2023", "name": "כנ", "phone": "", "date_delivery": "08-05-2023", "remarks": "\n", "price": "60", "status": 0, "method": "", "products": [{"name": "עוד מוצר כלשהו_44", "cost": 40, "price": 60, "amount": 1}]}, "45": {"date_order": "07-05-2023", "name": "כנה", "phone": "", "date_delivery": "08-05-2023", "remarks": "\n", "price": "60", "status": 0, "method": "", "products": [{"name": "מוצר חדש", "cost": 31, "price": 46, "amount": 1}]}, "8": {"date_order": "01-05-2023", "name": "שחר יוסט", "phone": "0528857556", "date_delivery": "03-05-2023", "remarks": "\n\n", "price": "185", "status": 1, "method": "מזומן", "products": [{"name": "מוצר ג", "cost": 33, "price": 90, "amount": 1}, {"name": "מוצר חדש", "cost": 31, "price": 46, "amount": 2}]}, "46": {"date_order": "07-05-2023", "name": "בהג", "phone": "", "date_delivery": "08-05-2023", "remarks": "\n", "price": "60", "status": 0, "method": "", "products": [{"name": "עוד מוצר כלשהו_44", "cost": 40, "price": 60, "amount": 1}]}}